first_name,last_name,email,password
Vasily,O'Fergus,vofergus0@moonfruit.com,kN8*c{%U7jg|
Esta,Feronet,eferonet1@bluehost.com,"eD0CCPK""'w83Le"
Miguelita,Blamphin,mblamphin2@hubpages.com,nN5K7eBZ.
Raffarty,Challes,rchalles3@vkontakte.ru,mH523Qll
Frederich,Breckwell,fbreckwell4@typepad.com,yG4fN\%T$VB0P
Claudius,Potier,cpotier5@yellowpages.com,zG2ds!hEfu`h@(
Collette,Rowbury,crowbury6@tinyurl.com,"rB6,.>KBn!"
Daniel,Colleford,dcolleford7@privacy.gov.au,zT34DchqzZE4j
Issiah,Adamkiewicz,iadamkiewicz8@scribd.com,iO4s}FY}
Celinka,Ridge,cridge9@jiathis.com,rG6Umo=8&
Olva,Mateja,omatejaa@mediafire.com,xV6s7F@.$A(
Dallon,Casillis,dcasillisb@mapquest.com,zA2kvw`$D
Robina,Wimbury,rwimburyc@blogspot.com,tD4%z..{3gdSxZK
Craig,Van der Brug,cvanderbrugd@parallels.com,iK3<u~Rl?@hy_(T
Janet,Fairlam,jfairlame@jigsy.com,iU3YXh%S2=
Biddie,McArthur,bmcarthurf@twitpic.com,uG6&v8|ocfT6
Kelsey,Burnep,kburnepg@wikia.com,aO54=hmd>4`z{m@m
Banky,McGarrie,bmcgarrieh@people.com.cn,"oZ4x*cO{R""`Ku"
Fairlie,Sircombe,fsircombei@springer.com,xA3BkMT#3&`U|'e
Tamqrah,Dewhirst,tdewhirstj@businesswire.com,qT2%31<U>.by'S
Cindee,Hentzeler,chentzelerk@parallels.com,"lL1N+Foyr<""mO""GL"
Holly,Jorin,hjorinl@sphinn.com,lJ01Y4Rx(g'
Orelia,Inglese,oinglesem@discovery.com,bS9=.>MQ8.m'!Y
Lorelle,Windress,lwindressn@exblog.jp,uH4Fj3Ae>Gi
Erin,Sandon,esandono@ihg.com,tE343dY?
Reena,Carbonell,rcarbonellp@hao123.com,aO6MYwK!euy
Verge,Wetherill,vwetherillq@comcast.net,eA5|DD6$c
Leyla,Trubshaw,ltrubshawr@networkadvertising.org,fC3Urx%V6p<KK
Eugenia,Pirie,epiries@homestead.com,bA1PoZc%r(
Dall,Skentelbury,dskentelburyt@mayoclinic.com,mJ0Bi~}m
Eldin,Itshak,eitshaku@hubpages.com,kC0cA}AWE|J&#
Leigh,Gore,lgorev@weibo.com,aO0Dz>3*coK6f`QW
Milicent,Garn,mgarnw@wp.com,"hV2""2nxq>fS5anj"
Frannie,Needham,fneedhamx@whitehouse.gov,yH2&fY3X
Marylynne,Kirtland,mkirtlandy@163.com,xC9aJ|ABts3c=
Hephzibah,Leglise,hleglisez@studiopress.com,eI1fF/(Wu
Gilbert,Gilby,ggilby10@gnu.org,xP8r}yA<x>%n
Conchita,Balloch,cballoch11@imdb.com,yM4N627bquln
Chad,Witham,cwitham12@time.com,"mC3LSiIM4k""6"
Granny,Bucke,gbucke13@nps.gov,dI7LylE1ViJ
Jacqui,Colvill,jcolvill14@wikia.com,kH1fn!#Bz9Rw6!
Clareta,Jaszczak,cjaszczak15@scribd.com,jL8I.iKiCotz
Filippa,Bowcher,fbowcher16@creativecommons.org,rJ2@B+e{jm?<St
Tillie,Shankle,tshankle17@cnbc.com,uZ4LyqqquakBR
Friedrich,Banishevitz,fbanishevitz18@shop-pro.jp,sX97mFJ&79
Louisa,Colum,lcolum19@washingtonpost.com,kJ1FET9~
Pepe,Hayford,phayford1a@un.org,mT6TIlUULTfCY>LP
Howey,Chamley,hchamley1b@usnews.com,zW6vH.)e<
Bettye,Cockshoot,bcockshoot1c@dion.ne.jp,yS6lfZ_5
Thurstan,Angell,tangell1d@t-online.de,zF7>)1(5
Josiah,Haws,jhaws1e@github.com,sG8+os&d{
Justina,Del Dello,jdeldello1f@bigcartel.com,oX4!SST#dPJo1
Isador,Isbell,iisbell1g@vimeo.com,wN4_=UBN)NZn
Fernande,Connochie,fconnochie1h@gravatar.com,"yF42r8=G3,"
Avivah,Hargreave,ahargreave1i@cdc.gov,oE2{K?U>ki
Billie,Tredwell,btredwell1j@macromedia.com,gD0%)V(Nc
Kippar,Syseland,ksyseland1k@comsenz.com,vU0NJGMen%1/k%K
Lyndsay,Pile,lpile1l@jalbum.net,"rQ8,bBJH{0%"
Stanislas,Downgate,sdowngate1m@123-reg.co.uk,"sE3xeDL~!7""/e1"
Brose,Ramel,bramel1n@blogtalkradio.com,"pD66u$""a&."
Brittan,Selbach,bselbach1o@youku.com,gK4/@.2cvNh`z!Wm
Zechariah,MacCome,zmaccome1p@ifeng.com,"jZ4W+,K`r"
Alexio,Klee,aklee1q@flavors.me,wF3!CS7D/rF
Hannis,Deaves,hdeaves1r@berkeley.edu,"vH0YhW""3*Ul_2E}"
Cleon,Croyden,ccroyden1s@mtv.com,sF2Sl*0<`8
Franz,Thurling,fthurling1t@marriott.com,"vQ3O?97Q,0"
Zora,Paz,zpaz1u@usatoday.com,tZ9/%RCPhOr
Shanan,Gethouse,sgethouse1v@istockphoto.com,mZ0ZSE@q\{Li`
Isa,Iliffe,iiliffe1w@weebly.com,"fK9""P8Gm+"
Dylan,Jasper,djasper1x@bigcartel.com,hN76*b~Ogi88
Aindrea,Tomasik,atomasik1y@webnode.com,oD1=Z'0I@SrDxgJ
Dicky,Couper,dcouper1z@mapquest.com,yJ8a2KG~M?F4PI
Eduardo,Livingstone,elivingstone20@foxnews.com,zR2?)l2BsU43npG
Augustine,Archambault,aarchambault21@comsenz.com,jY5'gdq3aPS!is
Marcellina,Lifton,mlifton22@networksolutions.com,oQ8*K$CJ
Teresa,Willars,twillars23@pen.io,vS7QZ>boq9_K
Mady,Iacofo,miacofo24@artisteer.com,"kT9RARzaF`K""Cf4"
Lottie,Sandal,lsandal25@imageshack.us,iQ2~CD0RmnU{
Adelaida,Kinnane,akinnane26@geocities.com,zD8W+'$dA%@~
Rosita,Spoor,rspoor27@deliciousdays.com,sW79!&(\S~76T7
Ellary,Lucien,elucien28@chronoengine.com,fT6h'@!=0
Katrinka,Bagguley,kbagguley29@chron.com,dA9H/?&tkAA
Sascha,Appleby,sappleby2a@jigsy.com,iN7')8?22b2u#U~
Jaquelin,Pucker,jpucker2b@tinypic.com,kK2fJ5=xDhF<
Linnie,McGooch,lmcgooch2c@nymag.com,vM4AKnHCJv\o0
Ashly,Cossons,acossons2d@bloomberg.com,"yR8e,qhiQe"
Dennet,Riccard,driccard2e@patch.com,"mI52Ov!fMrx>,UDr"
Bartram,Dobsons,bdobsons2f@naver.com,hB02d{>!2%
Gabriel,Creasey,gcreasey2g@pagesperso-orange.fr,eD3bh_~YiP
Pace,Coules,pcoules2h@etsy.com,zF7.H<s\&
Berry,Lissandri,blissandri2i@bigcartel.com,wK6NjTk!P`22k%
Paulina,Timms,ptimms2j@seattletimes.com,cK0~|wyMuVvb
Peder,Mackilpatrick,pmackilpatrick2k@businesswire.com,sX6H_c4EQD({n}
Colette,Hamberston,chamberston2l@eventbrite.com,wE9>9zn?y{WJ
Salvidor,Raitt,sraitt2m@mac.com,qL8G*Q'1O&D2
Torre,Thicking,tthicking2n@forbes.com,zD3RZ6_6IWm
Amii,Trowsdall,atrowsdall2o@discuz.net,qF0ht_W@_B4NG%
Hettie,Stephen,hstephen2p@so-net.ne.jp,"iY9>\>ZTB,_?n9m"
Nevin,Doohan,ndoohan2q@npr.org,nF2d(8Hoa@0$l.@
Ginny,Finnemore,gfinnemore2r@vkontakte.ru,"iA2XtbXD""R"
